{"prediction": 0, "probability_no_churn": 0.9337228105423426, "probability_churn": 0.06627718945765737, "status": "success"}